date,PM2.5,PM10,AQI (PM2.5),AQI (PM10)
2021-01-23T21:51:54.085604,2.2,3.1,9,3
2021-01-23T21:52:55.496665,2.3,4.4,10,4
2021-01-23T21:53:56.807974,2.7,3.9,11,3
2021-01-23T21:54:58.095756,2.4,4.7,10,4
2021-01-23T21:55:59.412191,2.5,3.5,10,3
2021-01-23T21:57:00.728347,2.6,4.0,11,4
2021-01-23T21:58:02.041397,3.7,5.3,15,5
2021-01-23T21:59:03.359908,4.5,6.5,19,6
2021-01-23T22:00:04.677625,6.3,10.8,26,9
2021-01-23T22:01:06.092734,5.7,9.1,24,8
2021-01-23T22:02:07.497882,5.5,8.8,23,7
2021-01-23T22:03:08.809200,5.5,10.6,23,9
2021-01-23T22:04:10.124251,5.7,8.8,24,7
2021-01-23T22:05:11.427411,6.8,11.7,28,10
2021-01-23T22:06:12.743199,5.9,9.8,25,8
2021-01-23T22:07:14.058714,6.5,9.3,27,8
2021-01-23T22:08:15.370587,6.3,12.4,26,11
2021-01-23T22:09:16.680970,5.5,8.1,23,7
2021-01-23T22:10:17.989549,6.0,13.4,25,12
2021-01-23T22:11:19.306059,5.1,8.1,21,7
2021-01-23T22:12:20.620406,4.9,7.9,20,6
2021-01-23T22:13:21.929497,5.1,8.2,21,7
2021-01-23T22:14:23.244886,5.1,8.4,21,7
2021-01-23T22:15:24.560293,5.7,8.4,24,7
2021-01-23T22:16:25.875585,5.3,10.0,22,9
2021-01-23T22:17:27.190726,5.1,8.5,21,7
2021-01-23T22:18:28.501070,5.5,8.3,23,7
2021-01-23T22:19:29.817759,5.8,10.2,24,9
2021-01-23T22:20:31.111567,6.2,11.0,26,10
2021-01-23T22:21:32.420707,4.4,8.1,18,7
2021-01-23T22:22:33.737293,4.3,8.3,18,7
2021-01-23T22:23:35.052462,5.0,7.7,21,6
2021-01-23T22:24:36.370124,5.3,8.2,22,7
2021-01-23T22:25:37.686632,4.6,8.6,19,7
2021-01-23T22:26:39.000412,6.1,10.4,25,9
2021-01-23T22:27:40.315494,4.2,8.6,18,7
2021-01-23T22:28:41.633318,5.5,8.4,23,7
2021-01-23T22:29:42.942174,4.1,7.0,17,6
2021-01-23T22:30:44.258582,5.0,7.2,21,6
2021-01-23T22:31:45.550120,3.3,5.4,14,5
2021-01-23T22:32:46.864232,3.6,7.1,15,6
2021-01-23T22:33:48.184277,4.3,6.5,18,6
2021-01-23T22:34:49.502013,3.8,5.7,16,5
2021-01-23T22:35:50.812006,4.3,7.0,18,6
2021-01-23T22:36:52.121095,4.6,7.2,19,6
2021-01-23T22:37:53.431203,4.2,5.8,18,5
2021-01-23T22:38:54.746334,4.1,6.2,17,6
2021-01-23T22:39:56.060551,4.4,6.6,18,6
2021-01-23T22:40:57.375690,4.3,8.0,18,7
2021-01-23T22:41:58.789867,4.5,7.1,19,6
2021-01-23T22:43:00.184957,4.4,6.9,18,6
2021-01-23T22:44:01.597889,4.6,7.2,19,6
2021-01-23T22:45:02.914072,3.6,6.0,15,6
2021-01-23T22:46:04.229324,4.1,7.0,17,6
2021-01-23T22:47:05.534594,3.8,6.2,16,6
2021-01-23T22:48:06.842248,3.9,5.7,16,5
2021-01-23T22:49:08.151302,3.9,5.8,16,5
2021-01-23T22:50:09.469040,3.6,5.5,15,5
2021-01-23T22:51:10.783989,4.0,6.1,17,6
2021-01-23T22:52:12.190807,3.8,6.6,16,6
2021-01-23T22:53:13.496022,3.5,5.5,15,5
2021-01-23T22:54:14.803707,3.6,5.8,15,5
2021-01-23T22:55:16.111682,3.1,4.3,13,4
2021-01-23T22:56:17.428728,2.8,4.0,12,4
2021-01-23T22:57:18.746803,2.9,4.7,12,4
2021-01-23T22:58:20.063186,2.3,3.6,10,3
2021-01-23T22:59:21.345325,2.3,3.5,10,3
2021-01-23T23:00:22.663585,2.3,3.3,10,3
2021-01-23T23:01:23.974079,3.0,4.1,12,4
2021-01-23T23:02:25.294171,2.9,4.1,12,4
2021-01-23T23:03:26.604097,2.6,4.2,11,4
2021-01-23T23:04:27.924053,2.4,4.3,10,4
2021-01-23T23:05:29.244902,2.4,4.1,10,4
2021-01-23T23:06:30.566811,3.3,4.8,14,4
2021-01-23T23:07:31.884789,3.3,4.8,14,4
2021-01-23T23:08:33.205325,3.2,5.0,13,5
2021-01-23T23:09:34.522176,3.1,6.2,13,6
2021-01-23T23:10:35.835216,4.5,7.3,19,6
2021-01-23T23:11:37.154029,3.5,4.8,15,4
2021-01-23T23:12:38.471615,4.4,8.3,18,7
2021-01-23T23:13:39.787894,3.7,4.8,15,4
2021-01-23T23:14:41.107040,3.4,5.2,14,5
2021-01-23T23:15:42.424187,3.5,4.8,15,4
2021-01-23T23:16:43.732815,3.8,5.6,16,5
2021-01-23T23:17:45.048856,4.2,6.2,18,6
2021-01-23T23:18:46.348706,4.3,4.8,18,4
2021-01-23T23:19:47.629839,4.7,6.6,20,6
2021-01-23T23:20:48.929518,4.6,7.9,19,6
2021-01-23T23:21:50.239601,4.6,7.7,19,6
2021-01-23T23:22:51.621955,3.5,5.1,15,5
2021-01-23T23:23:52.940487,3.6,5.2,15,5
2021-01-23T23:24:54.258787,4.7,6.6,20,6
2021-01-23T23:25:55.574726,4.6,7.4,19,6
2021-01-23T23:26:56.874570,5.4,14.9,22,13
2021-01-23T23:27:58.184536,3.4,4.7,14,4
2021-01-23T23:28:59.505550,4.2,6.6,18,6
2021-01-23T23:30:00.807898,4.9,7.5,20,6
2021-01-23T23:31:02.112882,6.1,9.8,25,8
2021-01-23T23:32:03.429682,5.0,6.8,21,6
2021-01-23T23:33:04.844321,5.9,8.9,25,7
2021-01-23T23:34:06.140114,5.4,10.0,22,9
2021-01-23T23:35:07.411868,5.1,7.2,21,6
2021-01-23T23:36:08.822401,6.1,9.1,25,8
2021-01-23T23:37:10.136846,6.8,10.2,28,9
2021-01-23T23:38:11.451106,6.6,8.9,28,7
2021-01-23T23:39:12.747875,6.5,8.9,27,7
2021-01-23T23:40:14.162337,4.8,6.6,20,6
2021-01-23T23:41:15.477279,7.3,9.7,30,8
2021-01-23T23:42:16.850643,7.2,9.9,30,8
2021-01-23T23:43:18.261658,4.3,8.0,18,7
2021-01-23T23:44:19.575303,3.9,5.3,16,5
2021-01-23T23:45:20.887619,5.3,8.2,22,7
2021-01-23T23:46:22.301424,6.1,8.1,25,7
2021-01-23T23:47:23.707619,4.8,8.3,20,7
2021-01-23T23:48:25.082690,6.0,9.4,25,8
2021-01-23T23:49:26.493979,4.8,10.3,20,9
2021-01-23T23:50:27.906591,6.6,9.4,28,8
2021-01-23T23:51:29.180731,4.0,5.2,17,5
2021-01-23T23:52:30.487007,5.3,9.1,22,8
2021-01-23T23:53:31.897248,5.6,7.3,23,6
2021-01-23T23:54:33.206056,5.4,8.2,22,7
2021-01-23T23:55:34.586734,4.9,6.7,20,6
2021-01-23T23:56:35.895467,4.4,8.1,18,7
2021-01-23T23:57:37.208138,3.8,5.1,16,5
2021-01-23T23:58:38.620004,4.7,6.7,20,6
2021-01-23T23:59:39.929208,4.4,6.2,18,6
2021-01-24T00:00:41.236862,5.5,7.6,23,6
2021-01-24T00:01:42.648580,5.3,7.4,22,6
2021-01-24T00:02:44.052910,4.1,6.3,17,6
2021-01-24T00:03:45.450677,4.1,6.1,17,6
2021-01-24T00:04:46.858207,3.5,4.9,15,4
2021-01-24T00:05:48.272270,4.3,6.1,18,6
2021-01-24T00:06:49.658238,4.3,6.4,18,6
2021-01-24T00:07:51.070482,4.5,8.0,19,7
2021-01-24T00:08:52.456466,5.3,10.6,22,9
2021-01-24T00:09:53.766976,5.4,9.9,22,8
2021-01-24T00:10:55.176159,4.5,9.0,19,8
2021-01-24T00:11:56.455873,4.3,7.4,18,6
2021-01-24T00:12:57.819710,4.5,9.2,19,8
2021-01-24T00:13:59.227413,5.0,7.1,21,6
2021-01-24T00:15:00.633793,4.0,5.8,17,5
2021-01-24T00:16:02.022715,4.3,6.3,18,6
2021-01-24T00:17:03.420369,3.6,4.4,15,4
2021-01-24T00:18:04.827891,3.2,5.1,13,5
2021-01-24T00:19:06.235250,3.7,6.3,15,6
2021-01-24T00:20:07.543889,3.8,6.1,16,6
2021-01-24T00:21:08.911245,3.6,5.6,15,5
2021-01-24T00:22:10.317359,4.4,6.2,18,6
2021-01-24T00:23:11.622222,3.6,5.6,15,5
2021-01-24T00:24:13.021885,3.6,6.6,15,6
2021-01-24T00:25:14.419025,3.6,5.0,15,5
2021-01-24T00:26:15.823589,3.8,6.6,16,6
2021-01-24T00:27:17.229569,3.0,4.3,12,4
2021-01-24T00:28:18.632734,3.8,7.5,16,6
2021-01-24T00:29:20.028822,3.4,4.7,14,4
2021-01-24T00:30:21.433734,3.9,6.3,16,6
2021-01-24T00:31:22.838186,3.1,5.0,13,5
2021-01-24T00:32:24.241679,2.8,4.9,12,4
2021-01-24T00:33:25.645037,3.7,6.5,15,6
2021-01-24T00:34:26.952023,3.0,5.4,12,5
2021-01-24T00:35:28.350669,2.6,6.5,11,6
2021-01-24T00:36:29.757905,2.3,3.1,10,3
2021-01-24T00:37:31.151020,2.3,6.1,10,6
2021-01-24T00:38:32.557979,2.5,3.8,10,3
2021-01-24T00:39:33.963766,3.6,5.0,15,5
2021-01-24T00:40:35.366455,3.3,5.7,14,5
2021-01-24T00:41:36.765069,3.3,4.6,14,4
2021-01-24T00:42:38.165145,3.8,5.0,16,5
2021-01-24T00:43:39.562979,3.5,4.5,15,4
2021-01-24T00:44:40.962358,3.2,7.0,13,6
2021-01-24T00:45:42.359128,3.6,5.1,15,5
2021-01-24T00:46:43.753386,3.4,4.9,14,4
2021-01-24T00:47:45.142170,3.5,4.8,15,4
2021-01-24T00:48:46.540549,2.8,4.3,12,4
2021-01-24T00:49:47.940147,2.4,4.5,10,4
2021-01-24T00:50:49.339776,2.9,4.0,12,4
2021-01-24T00:51:50.742484,2.1,3.2,9,3
2021-01-24T00:52:52.145918,2.7,4.2,11,4
2021-01-24T00:53:53.549620,3.0,4.0,12,4
2021-01-24T00:54:54.948428,2.9,4.3,12,4
2021-01-24T00:55:56.249681,2.6,4.5,11,4
2021-01-24T00:56:57.512084,2.4,4.4,10,4
2021-01-24T00:57:58.913382,3.7,6.9,15,6
2021-01-24T00:59:00.313575,3.3,8.1,14,7
2021-01-24T01:00:01.678514,3.8,7.3,16,6
2021-01-24T01:01:02.985026,2.7,4.1,11,4
2021-01-24T01:02:04.293888,3.1,4.7,13,4
2021-01-24T01:03:05.702761,3.8,5.6,16,5
2021-01-24T01:04:07.104121,3.4,5.4,14,5
2021-01-24T01:05:08.403196,3.2,4.7,13,4
2021-01-24T01:06:09.766191,4.4,6.0,18,6
2021-01-24T01:07:11.032521,4.3,11.4,18,10
2021-01-24T01:08:12.331553,3.2,4.5,13,4
2021-01-24T01:09:13.593171,3.8,5.1,16,5
2021-01-24T01:10:14.989722,3.4,5.0,14,5
2021-01-24T01:11:16.292683,4.0,5.5,17,5
2021-01-24T01:12:17.695972,4.3,8.1,18,7
2021-01-24T01:13:19.098778,3.1,4.5,13,4
2021-01-24T01:14:20.497254,3.6,5.9,15,5
2021-01-24T01:15:21.893789,2.9,4.8,12,4
2021-01-24T01:16:23.286140,4.2,5.6,18,5
2021-01-24T01:17:24.686424,4.7,7.5,20,6
2021-01-24T01:18:26.087302,4.0,6.6,17,6
2021-01-24T01:19:27.487058,3.7,5.8,15,5
2021-01-24T01:20:28.886122,3.5,6.3,15,6
2021-01-24T01:21:30.245410,3.9,6.7,16,6
2021-01-24T01:22:31.642572,3.9,6.8,16,6
2021-01-24T01:23:33.042470,3.9,7.1,16,6
2021-01-24T01:24:34.412939,4.3,7.5,18,6
2021-01-24T01:25:35.810508,4.3,7.1,18,6
2021-01-24T01:26:37.192378,3.3,5.5,14,5
2021-01-24T01:27:38.589452,4.8,7.5,20,6
2021-01-24T01:28:39.981405,6.9,13.6,29,12
2021-01-24T01:29:41.369684,5.3,8.5,22,7
2021-01-24T01:30:42.759322,6.5,10.5,27,9
2021-01-24T01:31:44.107856,4.7,7.4,20,6
2021-01-24T01:32:45.501377,6.2,10.7,26,9
2021-01-24T01:33:46.888814,5.2,13.9,22,12
2021-01-24T01:34:48.278986,5.6,9.1,23,8
2021-01-24T01:35:49.672913,5.7,10.0,24,9
2021-01-24T01:36:51.065368,5.5,8.7,23,7
2021-01-24T01:37:52.440691,7.1,11.1,30,10
2021-01-24T01:38:53.833714,6.7,10.3,28,9
2021-01-24T01:39:55.187575,5.8,9.5,24,8
2021-01-24T01:40:56.580524,5.1,9.7,21,8
2021-01-24T01:41:57.957320,4.2,6.9,18,6
2021-01-24T01:42:59.336448,4.0,6.5,17,6
2021-01-24T01:44:00.690551,6.5,10.1,27,9
2021-01-24T01:45:02.086047,5.8,11.4,24,10
2021-01-24T01:46:03.479885,4.8,8.0,20,7
2021-01-24T01:47:04.849544,4.8,8.2,20,7
2021-01-24T01:48:06.242777,4.4,6.2,18,6
2021-01-24T01:49:07.637046,4.9,8.1,20,7
2021-01-24T01:50:09.031264,3.6,6.9,15,6
2021-01-24T01:51:10.425000,4.6,7.5,19,6
2021-01-24T01:52:11.819769,4.4,7.1,18,6
2021-01-24T01:53:13.208519,2.8,4.9,12,4
2021-01-24T01:54:14.599375,4.2,8.4,18,7
2021-01-24T01:55:15.988742,3.4,5.5,14,5
2021-01-24T01:56:17.368125,2.9,4.2,12,4
2021-01-24T01:57:18.758866,4.4,6.6,18,6
2021-01-24T01:58:20.152984,3.2,5.5,13,5
2021-01-24T01:59:21.547354,3.5,5.3,15,5
2021-01-24T02:00:22.940117,4.1,7.7,17,6
2021-01-24T02:01:24.297872,4.0,7.7,17,6
2021-01-24T02:02:25.690392,4.0,7.2,17,6
2021-01-24T02:03:27.081545,3.9,7.7,16,6
2021-01-24T02:04:28.472637,4.0,7.4,17,6
2021-01-24T02:05:29.855464,4.5,7.8,19,6
2021-01-24T02:06:31.246375,3.5,5.3,15,5
2021-01-24T02:07:32.637546,4.0,6.2,17,6
2021-01-24T02:08:34.024975,3.5,6.3,15,6
2021-01-24T02:09:35.413669,3.7,5.8,15,5
2021-01-24T02:10:36.794888,4.1,6.6,17,6
2021-01-24T02:11:38.187287,4.4,7.5,18,6
2021-01-24T02:12:39.581002,3.5,6.1,15,6
2021-01-24T02:13:40.967181,3.3,8.2,14,7
2021-01-24T02:14:42.358061,2.8,4.5,12,4
2021-01-24T02:15:43.750500,3.2,8.5,13,7
2021-01-24T02:16:45.140438,2.5,3.8,10,3
2021-01-24T02:17:46.536564,2.1,3.5,9,3
2021-01-24T02:18:47.933655,1.9,2.9,8,2
2021-01-24T02:19:49.320028,3.0,5.2,12,5
2021-01-24T02:20:50.691999,4.1,6.6,17,6
2021-01-24T02:21:52.086074,3.0,4.7,12,4
2021-01-24T02:22:53.477989,2.7,4.1,11,4
2021-01-24T02:23:54.873478,2.4,5.6,10,5
2021-01-24T02:24:56.270011,3.1,4.3,13,4
2021-01-24T02:25:57.666469,2.4,5.7,10,5
2021-01-24T02:26:59.057954,2.9,5.1,12,5
2021-01-24T02:28:00.450939,3.0,5.2,12,5
2021-01-24T02:29:01.841146,2.3,3.8,10,3
2021-01-24T02:30:03.198739,2.0,2.9,8,2
2021-01-24T02:31:04.594092,2.4,4.3,10,4
2021-01-24T02:32:05.995624,3.4,5.8,14,5
2021-01-24T02:33:07.398358,2.7,5.2,11,5
2021-01-24T02:34:08.795683,2.3,3.3,10,3
2021-01-24T02:35:10.196775,2.8,4.8,12,4
2021-01-24T02:36:11.596985,2.9,4.8,12,4
2021-01-24T02:37:12.996746,2.7,4.3,11,4
2021-01-24T02:38:14.395428,3.3,6.0,14,6
2021-01-24T02:39:15.792963,3.1,4.8,13,4
2021-01-24T02:40:17.190444,3.6,5.4,15,5
2021-01-24T02:41:18.581719,3.5,5.4,15,5
2021-01-24T02:42:19.978014,2.7,3.9,11,3
2021-01-24T02:43:21.371574,3.2,5.6,13,5
2021-01-24T02:44:22.769588,2.6,6.5,11,6
2021-01-24T02:45:24.167498,3.0,6.8,12,6
2021-01-24T02:46:25.561226,2.8,4.6,12,4
2021-01-24T02:47:26.950136,3.8,5.6,16,5
2021-01-24T02:48:28.338771,3.2,5.4,13,5
2021-01-24T02:49:29.732141,3.3,6.3,14,6
2021-01-24T02:50:31.118279,2.8,4.8,12,4
2021-01-24T02:51:32.513352,2.0,2.7,8,2
2021-01-24T02:52:33.909361,2.0,3.0,8,3
2021-01-24T02:53:35.302724,2.6,3.5,11,3
2021-01-24T02:54:36.671439,3.1,5.5,13,5
2021-01-24T02:55:38.047393,3.1,5.0,13,5
2021-01-24T02:56:39.439896,2.6,4.3,11,4
2021-01-24T02:57:40.834643,2.4,3.9,10,3
2021-01-24T02:58:42.214564,1.6,2.2,7,2
2021-01-24T02:59:43.599869,2.8,6.6,12,6
2021-01-24T03:00:44.990952,2.8,5.1,12,5
2021-01-24T03:01:46.385643,2.8,4.5,12,4
2021-01-24T03:02:47.780392,3.9,6.3,16,6
2021-01-24T03:03:49.167769,4.4,7.6,18,6
2021-01-24T03:04:50.561152,4.1,6.5,17,6
2021-01-24T03:05:51.937156,3.9,6.6,16,6
2021-01-24T03:06:53.326138,4.7,6.8,20,6
2021-01-24T03:07:54.685837,4.6,8.0,19,7
2021-01-24T03:08:56.074360,4.7,7.5,20,6
2021-01-24T03:09:57.464244,4.8,7.9,20,6
2021-01-24T03:10:58.842807,4.5,7.3,19,6
2021-01-24T03:12:00.225375,5.4,7.9,22,6
2021-01-24T03:13:01.614291,5.5,9.7,23,8
2021-01-24T03:14:02.994465,4.9,10.1,20,9
2021-01-24T03:15:04.373101,3.5,5.3,15,5
2021-01-24T03:16:05.762975,4.5,8.4,19,7
2021-01-24T03:17:07.145274,5.0,9.7,21,8
2021-01-24T03:18:08.535265,4.9,8.8,20,7
2021-01-24T03:19:09.923770,4.0,7.5,17,6
2021-01-24T03:20:11.278365,4.3,6.4,18,6
2021-01-24T03:21:12.664026,4.1,7.3,17,6
2021-01-24T03:22:14.013302,4.3,8.3,18,7
2021-01-24T03:23:15.392627,4.6,8.2,19,7
2021-01-24T03:24:16.781877,4.4,7.5,18,6
2021-01-24T03:25:18.164869,5.3,8.1,22,7
2021-01-24T03:26:19.553809,4.4,7.8,18,6
2021-01-24T03:27:20.904305,4.7,8.3,20,7
2021-01-24T03:28:22.294446,4.3,6.2,18,6
2021-01-24T03:29:23.684937,4.7,9.1,20,8
2021-01-24T03:30:25.075216,3.9,6.3,16,6
2021-01-24T03:31:26.465454,4.4,6.7,18,6
2021-01-24T03:32:27.834578,4.6,9.1,19,8
2021-01-24T03:33:29.204977,4.1,7.1,17,6
2021-01-24T03:34:30.595080,4.3,7.5,18,6
2021-01-24T03:35:31.985188,4.6,7.1,19,6
2021-01-24T03:36:33.374115,4.2,7.2,18,6
2021-01-24T03:37:34.763073,4.8,8.2,20,7
2021-01-24T03:38:36.145671,3.5,6.5,15,6
2021-01-24T03:39:37.535900,4.1,6.5,17,6
2021-01-24T03:40:38.890115,4.2,7.8,18,6
2021-01-24T03:41:40.273900,4.9,10.3,20,9
2021-01-24T03:42:41.663057,4.5,7.5,19,6
2021-01-24T03:43:43.051000,5.1,8.5,21,7
2021-01-24T03:44:44.432160,5.2,8.6,22,7
2021-01-24T03:45:45.818222,4.8,8.7,20,7
2021-01-24T03:46:47.201379,4.9,8.2,20,7
2021-01-24T03:47:48.582137,4.4,7.2,18,6
2021-01-24T03:48:49.925829,4.7,8.2,20,7
2021-01-24T03:49:51.312929,5.5,9.5,23,8
2021-01-24T03:50:52.656283,4.5,6.9,19,6
2021-01-24T03:51:54.042204,4.5,7.3,19,6
2021-01-24T03:52:55.401945,4.4,8.6,18,7
2021-01-24T03:53:56.790624,4.9,8.3,20,7
2021-01-24T03:54:58.160444,5.0,8.4,21,7
2021-01-24T03:55:59.542782,4.6,8.4,19,7
2021-01-24T03:57:00.923771,4.5,7.1,19,6
2021-01-24T03:58:02.311220,4.9,9.2,20,8
2021-01-24T03:59:03.686069,4.4,7.7,18,6
2021-01-24T04:00:05.072335,5.5,11.2,23,10
2021-01-24T04:01:06.452180,5.4,8.2,22,7
2021-01-24T04:02:07.839608,4.8,10.1,20,9
2021-01-24T04:03:09.192004,5.0,9.7,21,8
2021-01-24T04:04:10.550652,5.2,8.6,22,7
2021-01-24T04:05:11.931784,6.4,10.7,27,9
2021-01-24T04:06:13.319302,5.6,10.7,23,9
2021-01-24T04:07:14.681905,5.7,9.0,24,8
2021-01-24T04:08:16.062051,4.6,7.1,19,6
2021-01-24T04:09:17.433163,4.4,7.4,18,6
2021-01-24T04:10:18.821853,4.1,8.2,17,7
2021-01-24T04:11:20.193139,5.7,9.0,24,8
2021-01-24T04:12:21.573468,4.6,7.4,19,6
2021-01-24T04:13:22.953367,4.2,6.5,18,6
2021-01-24T04:14:24.342161,4.4,7.2,18,6
2021-01-24T04:15:25.724648,3.9,5.6,16,5
2021-01-24T04:16:27.113373,4.5,8.2,19,7
2021-01-24T04:17:28.494613,4.3,6.7,18,6
2021-01-24T04:18:29.873267,3.6,5.8,15,5
2021-01-24T04:19:31.253502,4.6,8.1,19,7
2021-01-24T04:20:32.642192,4.5,8.1,19,7
2021-01-24T04:21:34.023189,4.6,7.7,19,6
2021-01-24T04:22:35.371685,4.4,7.1,18,6
2021-01-24T04:23:36.761928,3.2,5.6,13,5
2021-01-24T04:24:38.145409,4.4,7.5,18,6
2021-01-24T04:25:39.536677,3.6,5.5,15,5
2021-01-24T04:26:40.929026,3.1,6.0,13,6
2021-01-24T04:27:42.319007,2.6,4.8,11,4
2021-01-24T04:28:43.714963,3.3,4.7,14,4
2021-01-24T04:29:45.081234,3.6,6.3,15,6
2021-01-24T04:30:46.471330,3.0,4.0,12,4
2021-01-24T04:31:47.863687,2.9,5.9,12,5
2021-01-24T04:32:49.264990,2.8,4.2,12,4
2021-01-24T04:33:50.664844,2.5,4.3,10,4
2021-01-24T04:34:52.066219,3.2,7.2,13,6
2021-01-24T04:35:53.464892,3.2,7.6,13,6
2021-01-24T04:36:54.864904,3.1,4.6,13,4
2021-01-24T04:37:56.263621,3.0,4.7,12,4
2021-01-24T04:38:57.653964,4.2,7.7,18,6
2021-01-24T04:39:59.023726,2.3,3.8,10,3
2021-01-24T04:41:00.394877,2.7,3.7,11,3
2021-01-24T04:42:01.793652,3.1,5.0,13,5
2021-01-24T04:43:03.191187,3.6,5.8,15,5
2021-01-24T04:44:04.589906,4.4,9.4,18,8
2021-01-24T04:45:05.987242,3.4,6.1,14,6
2021-01-24T04:46:07.386029,2.9,4.9,12,4
2021-01-24T04:47:08.782395,3.4,6.4,14,6
2021-01-24T04:48:10.179927,4.1,6.4,17,6
2021-01-24T04:49:11.571286,3.9,5.8,16,5
2021-01-24T04:50:12.967787,4.5,7.0,19,6
2021-01-24T04:51:14.363380,4.5,8.1,19,7
2021-01-24T04:52:15.757594,4.9,8.0,20,7
2021-01-24T04:53:17.130143,4.0,6.4,17,6
2021-01-24T04:54:18.523999,4.3,8.4,18,7
2021-01-24T04:55:19.907896,5.2,8.6,22,7
2021-01-24T04:56:21.298211,4.8,8.3,20,7
2021-01-24T04:57:22.691904,4.6,8.3,19,7
2021-01-24T04:58:24.085866,4.0,9.3,17,8
2021-01-24T04:59:25.467122,5.0,8.6,21,7
2021-01-24T05:00:26.837159,4.4,7.3,18,6
2021-01-24T05:01:28.225912,5.0,8.5,21,7
2021-01-24T05:02:29.616066,5.5,8.8,23,7
2021-01-24T05:03:31.007373,5.3,8.5,22,7
2021-01-24T05:04:32.396062,5.2,7.1,22,6
2021-01-24T05:05:33.786404,5.3,8.7,22,7
2021-01-24T05:06:35.176245,4.4,7.0,18,6
2021-01-24T05:07:36.565094,5.3,9.2,22,8
2021-01-24T05:08:37.955116,4.9,8.2,20,7
2021-01-24T05:09:39.345087,4.3,8.4,18,7
2021-01-24T05:10:40.735086,5.0,8.5,21,7
2021-01-24T05:11:42.126486,4.2,6.9,18,6
2021-01-24T05:12:43.515130,3.5,6.0,15,6
2021-01-24T05:13:44.905137,3.9,6.0,16,6
2021-01-24T05:14:46.295002,4.5,6.3,19,6
2021-01-24T05:15:47.683970,4.8,8.6,20,7
2021-01-24T05:16:49.075300,3.5,5.5,15,5
2021-01-24T05:17:50.441421,3.6,5.8,15,5
2021-01-24T05:18:51.809047,4.1,6.6,17,6
2021-01-24T05:19:53.196660,4.1,7.2,17,6
2021-01-24T05:20:54.589297,4.0,6.1,17,6
2021-01-24T05:21:55.975584,4.8,7.5,20,6
2021-01-24T05:22:57.367940,3.1,4.9,13,4
2021-01-24T05:23:58.756996,5.0,8.3,21,7
2021-01-24T05:25:00.147062,4.1,6.6,17,6
2021-01-24T05:26:01.538164,4.2,7.2,18,6
2021-01-24T05:27:02.929702,3.4,5.5,14,5
2021-01-24T05:28:04.317116,4.3,8.0,18,7
2021-01-24T05:29:05.705997,3.8,6.0,16,6
2021-01-24T05:30:07.098454,3.4,5.6,14,5
2021-01-24T05:31:08.476208,4.5,8.3,19,7
2021-01-24T05:32:09.828568,4.1,6.1,17,6
2021-01-24T05:33:11.218846,3.9,7.5,16,6
2021-01-24T05:34:12.607461,4.2,6.7,18,6
2021-01-24T05:35:13.997570,4.3,7.6,18,6
2021-01-24T05:36:15.388867,3.1,5.1,13,5
2021-01-24T05:37:16.778935,3.8,6.0,16,6
2021-01-24T05:38:18.170290,3.2,4.7,13,4
2021-01-24T05:39:19.558063,4.8,7.8,20,6
2021-01-24T05:40:20.950531,4.1,6.9,17,6
2021-01-24T05:41:22.336976,2.8,4.8,12,4
2021-01-24T05:42:23.728268,4.6,8.0,19,7
2021-01-24T05:43:25.076998,4.8,8.9,20,7
2021-01-24T05:44:26.472352,3.9,6.0,16,6
2021-01-24T05:45:27.856081,4.8,7.3,20,6
2021-01-24T05:46:29.227286,5.0,11.9,21,10
2021-01-24T05:47:30.617447,4.9,8.2,20,7
2021-01-24T05:48:32.006030,4.8,8.1,20,7
2021-01-24T05:49:33.393937,4.5,7.4,19,6
2021-01-24T05:50:34.782493,5.3,7.7,22,6
2021-01-24T05:51:36.170159,4.3,6.7,18,6
2021-01-24T05:52:37.552745,4.7,7.8,20,6
2021-01-24T05:53:38.931679,5.1,8.0,21,7
2021-01-24T05:54:40.320300,5.2,9.5,22,8
2021-01-24T05:55:41.701618,5.5,8.7,23,7
2021-01-24T05:56:43.082773,6.0,10.7,25,9
2021-01-24T05:57:44.461811,5.1,8.5,21,7
2021-01-24T05:58:45.850527,5.2,9.3,22,8
2021-01-24T05:59:47.239445,5.5,8.8,23,7
2021-01-24T06:00:48.626805,5.3,8.3,22,7
2021-01-24T06:01:50.014542,4.9,9.3,20,8
2021-01-24T06:02:51.394514,5.0,8.0,21,7
2021-01-24T06:03:52.773217,4.8,7.2,20,6
2021-01-24T06:04:54.155574,4.1,6.6,17,6
2021-01-24T06:05:55.545415,5.2,8.4,22,7
2021-01-24T06:06:56.934302,5.0,8.3,21,7
2021-01-24T06:07:58.325342,5.1,10.2,21,9
2021-01-24T06:08:59.715262,4.6,6.9,19,6
2021-01-24T06:10:01.105385,4.3,7.2,18,6
2021-01-24T06:11:02.495067,3.6,5.8,15,5
2021-01-24T06:12:03.886319,4.8,7.8,20,6
2021-01-24T06:13:05.273956,4.8,8.6,20,7
2021-01-24T06:14:06.665230,5.0,7.6,21,6
2021-01-24T06:15:08.056529,4.4,7.3,18,6
2021-01-24T06:16:09.421698,4.0,6.8,17,6
2021-01-24T06:17:10.811464,5.0,8.1,21,7
2021-01-24T06:18:12.195149,4.2,7.3,18,6
2021-01-24T06:19:13.585012,5.0,7.9,21,6
2021-01-24T06:20:14.973952,4.4,7.6,18,6
2021-01-24T06:21:16.364150,4.3,7.7,18,6
2021-01-24T06:22:17.752798,4.8,9.0,20,8
2021-01-24T06:23:19.134044,4.6,7.2,19,6
2021-01-24T06:24:20.523972,4.8,8.4,20,7
2021-01-24T06:25:21.901747,5.1,7.8,21,6
2021-01-24T06:26:23.284294,4.6,8.7,19,7
2021-01-24T06:27:24.674317,4.8,8.1,20,7
2021-01-24T06:28:26.061605,5.1,10.6,21,9
2021-01-24T06:29:27.444381,5.8,9.3,24,8
2021-01-24T06:30:28.821790,5.5,8.9,23,7
2021-01-24T06:31:30.181803,5.7,10.4,24,9
2021-01-24T06:32:31.561866,4.4,9.5,18,8
2021-01-24T06:33:32.949385,5.5,9.0,23,8
2021-01-24T06:34:34.332049,5.3,9.2,22,8
2021-01-24T06:35:35.718173,4.4,7.1,18,6
2021-01-24T06:36:37.100766,5.6,8.7,23,7
2021-01-24T06:37:38.481713,5.1,7.8,21,6
2021-01-24T06:38:39.867808,5.5,11.1,23,10
2021-01-24T06:39:41.229991,5.4,8.5,22,7
2021-01-24T06:40:42.586115,6.4,10.9,27,9
2021-01-24T06:41:43.970857,5.4,9.4,22,8
2021-01-24T06:42:45.353802,5.3,9.0,22,8
2021-01-24T06:43:46.732262,5.7,9.9,24,8
2021-01-24T06:44:48.119655,5.9,9.3,25,8
2021-01-24T06:45:49.503373,6.1,9.6,25,8
2021-01-24T06:46:50.890663,6.0,10.6,25,9
2021-01-24T06:47:52.278209,5.6,11.0,23,10
2021-01-24T06:48:53.662035,5.6,10.2,23,9
2021-01-24T06:49:55.042149,6.1,10.5,25,9
2021-01-24T06:50:56.419590,6.4,9.6,27,8
2021-01-24T06:51:57.809528,4.1,6.5,17,6
2021-01-24T06:52:59.198131,5.6,8.2,23,7
2021-01-24T06:54:00.583215,6.1,8.9,25,7
2021-01-24T06:55:01.964463,6.0,10.1,25,9
2021-01-24T06:56:03.345687,5.5,8.3,23,7
2021-01-24T06:57:04.737086,5.5,8.5,23,7
2021-01-24T06:58:06.101963,5.3,10.8,22,9
2021-01-24T06:59:07.471729,5.4,8.9,22,7
2021-01-24T07:00:08.860595,5.3,8.5,22,7
2021-01-24T07:01:10.251593,5.7,8.6,24,7
2021-01-24T07:02:11.635795,5.7,8.3,24,7
2021-01-24T07:03:13.025011,5.7,8.3,24,7
2021-01-24T07:04:14.415444,4.8,6.6,20,6
2021-01-24T07:05:15.806707,5.0,7.4,21,6
2021-01-24T07:06:17.195394,5.2,7.8,22,6
2021-01-24T07:07:18.586644,5.4,8.1,22,7
2021-01-24T07:08:19.975282,4.5,6.5,19,6
2021-01-24T07:09:21.364179,4.7,7.0,20,6
2021-01-24T07:10:22.746425,4.8,7.0,20,6
2021-01-24T07:11:24.137154,4.5,8.6,19,7
2021-01-24T07:12:25.528137,5.0,7.5,21,6
2021-01-24T07:13:26.920798,3.1,5.5,13,5
2021-01-24T07:14:28.307309,3.0,4.8,12,4
2021-01-24T07:15:29.688546,3.4,6.6,14,6
2021-01-24T07:16:31.084579,3.3,5.4,14,5
2021-01-24T07:17:32.472290,3.4,5.9,14,5
2021-01-24T07:18:33.869870,3.5,5.4,15,5
2021-01-24T07:19:35.269823,3.6,5.3,15,5
2021-01-24T07:20:36.666058,2.6,3.6,11,3
2021-01-24T07:21:38.067695,2.4,3.7,10,3
2021-01-24T07:22:39.467379,2.7,6.0,11,6
2021-01-24T07:23:40.871390,3.3,5.0,14,5
2021-01-24T07:24:42.273678,3.2,5.3,13,5
2021-01-24T07:25:43.675165,3.7,6.2,15,6
2021-01-24T07:26:45.075144,3.1,4.7,13,4
2021-01-24T07:27:46.475114,2.9,4.8,12,4
2021-01-24T07:28:47.876239,3.3,5.4,14,5
2021-01-24T07:29:49.277460,2.8,4.8,12,4
2021-01-24T07:30:50.677555,3.3,5.6,14,5
2021-01-24T07:31:52.077385,2.4,3.4,10,3
2021-01-24T07:32:53.477545,3.3,7.3,14,6
2021-01-24T07:33:54.880253,3.5,6.1,15,6
2021-01-24T07:34:56.274970,3.7,5.7,15,5
2021-01-24T07:35:57.678978,3.9,6.2,16,6
2021-01-24T07:36:59.048780,3.3,4.6,14,4
2021-01-24T07:38:00.446484,4.0,5.4,17,5
2021-01-24T07:39:01.848914,4.8,7.2,20,6
2021-01-24T07:40:03.151752,4.7,6.8,20,6
2021-01-24T07:41:04.546241,4.4,6.1,18,6
2021-01-24T07:42:05.945164,4.0,6.4,17,6
2021-01-24T07:43:07.346218,3.2,4.4,13,4
2021-01-24T07:44:08.747615,3.1,4.8,13,4
2021-01-24T07:45:10.147663,4.2,6.1,18,6
2021-01-24T07:46:11.550449,4.3,6.8,18,6
2021-01-24T07:47:12.949158,3.2,5.1,13,5
2021-01-24T07:48:14.349480,3.8,5.5,16,5
2021-01-24T07:49:15.749963,4.0,5.7,17,5
2021-01-24T07:50:17.156413,4.6,6.2,19,6
2021-01-24T07:51:18.464145,4.3,6.3,18,6
2021-01-24T07:52:19.773056,3.4,4.4,14,4
2021-01-24T07:53:21.072124,4.0,6.1,17,6
2021-01-24T07:54:22.478528,3.8,5.8,16,5
2021-01-24T07:55:23.781078,4.2,5.9,18,5
2021-01-24T07:56:25.186346,4.4,5.8,18,5
2021-01-24T07:57:26.491478,4.0,7.4,17,6
2021-01-24T07:58:27.860169,4.4,7.1,18,6
2021-01-24T07:59:29.266280,3.4,6.5,14,6
2021-01-24T08:00:30.671502,4.3,6.2,18,6
2021-01-24T08:01:32.077872,4.2,6.6,18,6
2021-01-24T08:02:33.480598,4.8,7.4,20,6
2021-01-24T08:03:34.780738,3.9,5.3,16,5
2021-01-24T08:04:36.179871,3.7,5.8,15,5
2021-01-24T08:05:37.579447,4.6,7.6,19,6
2021-01-24T08:06:38.984392,2.9,5.7,12,5
2021-01-24T08:07:40.389472,3.5,5.2,15,5
2021-01-24T08:08:41.789615,2.8,4.7,12,4
2021-01-24T08:09:43.092203,2.7,5.4,11,5
2021-01-24T08:10:44.489844,2.8,4.7,12,4
2021-01-24T08:11:45.896176,2.9,5.7,12,5
2021-01-24T08:12:47.301198,3.6,5.7,15,5
2021-01-24T08:13:48.688855,3.5,4.8,15,4
2021-01-24T08:14:50.089974,3.4,5.2,14,5
2021-01-24T08:15:51.494802,3.5,5.6,15,5
2021-01-24T08:16:52.890182,3.9,6.2,16,6
2021-01-24T08:17:54.293789,4.1,6.2,17,6
2021-01-24T08:18:55.667885,4.1,6.7,17,6
2021-01-24T08:19:56.971066,4.2,6.2,18,6
2021-01-24T08:20:58.372862,4.0,5.4,17,5
2021-01-24T08:21:59.777107,3.9,6.6,16,6
2021-01-24T08:23:01.182160,2.6,4.2,11,4
2021-01-24T08:24:02.569042,3.4,5.9,14,5
2021-01-24T08:25:03.974625,2.8,3.8,12,3
2021-01-24T08:26:05.381072,3.8,5.0,16,5
2021-01-24T08:27:06.771284,3.5,5.1,15,5
2021-01-24T08:28:08.177727,4.4,6.8,18,6
2021-01-24T08:29:09.559371,5.2,8.1,22,7
2021-01-24T08:30:10.962076,4.5,9.7,19,8
2021-01-24T08:31:12.260971,4.7,6.7,20,6
2021-01-24T08:32:13.663649,4.0,7.3,17,6
2021-01-24T08:33:15.056416,4.3,6.0,18,6
2021-01-24T08:34:16.457810,4.6,6.6,19,6
2021-01-24T08:35:17.857879,5.4,8.9,22,7
2021-01-24T08:36:19.256815,4.4,6.2,18,6
2021-01-24T08:37:20.655723,4.6,6.6,19,6
2021-01-24T08:38:22.053384,5.0,8.3,21,7
2021-01-24T08:39:23.442320,5.7,10.9,24,9
2021-01-24T08:40:24.839901,6.0,8.9,25,7
2021-01-24T08:41:26.236100,5.2,7.9,22,6
2021-01-24T08:42:27.623854,5.1,8.1,21,7
2021-01-24T08:43:29.013944,4.9,15.9,20,14
2021-01-24T08:44:30.406823,3.3,4.7,14,4
2021-01-24T08:45:31.776648,4.0,7.0,17,6
2021-01-24T08:46:33.138145,5.0,8.3,21,7
2021-01-24T08:47:34.527097,4.8,8.0,20,7
2021-01-24T08:48:35.932257,4.9,6.5,20,6
2021-01-24T08:49:37.327338,4.3,9.9,18,8
2021-01-24T08:50:38.728717,4.4,5.9,18,5
2021-01-24T08:51:40.127716,4.3,6.3,18,6
2021-01-24T08:52:41.532850,3.7,5.2,15,5
2021-01-24T08:53:42.928238,3.1,5.1,13,5
2021-01-24T08:54:44.229873,3.9,6.0,16,6
2021-01-24T08:55:45.627609,4.1,6.0,17,6
2021-01-24T08:56:46.995303,3.4,5.3,14,5
2021-01-24T08:57:48.365448,3.6,5.3,15,5
2021-01-24T08:58:49.767213,3.7,6.4,15,6
2021-01-24T08:59:51.166317,3.1,4.1,13,4
2021-01-24T09:00:52.567892,4.3,6.0,18,6
2021-01-24T09:01:53.965513,4.3,6.4,18,6
2021-01-24T09:02:55.365667,3.5,5.2,15,5
2021-01-24T09:03:56.765890,3.9,5.8,16,5
2021-01-24T09:04:58.163807,4.0,6.5,17,6
2021-01-24T09:05:59.562554,4.1,6.7,17,6
2021-01-24T09:07:00.955344,5.1,7.6,21,6
2021-01-24T09:08:02.354481,5.3,9.7,22,8
2021-01-24T09:09:03.755643,5.2,10.0,22,9
2021-01-24T09:10:05.154663,5.0,9.4,21,8
2021-01-24T09:11:06.546177,4.1,7.1,17,6
2021-01-24T09:12:07.946113,4.5,7.6,19,6
2021-01-24T09:13:09.343782,4.6,7.9,19,6
2021-01-24T09:14:10.733858,4.3,8.2,18,7
2021-01-24T09:15:12.132776,5.0,9.8,21,8
2021-01-24T09:16:13.524252,5.4,9.8,22,8
2021-01-24T09:17:14.923125,4.1,7.1,17,6
2021-01-24T09:18:16.324374,4.4,8.1,18,7
2021-01-24T09:19:17.723363,4.5,7.2,19,6
2021-01-24T09:20:19.122160,6.3,10.4,26,9
2021-01-24T09:21:20.522301,5.6,8.3,23,7
2021-01-24T09:22:21.914870,4.8,8.1,20,7
2021-01-24T09:23:23.313775,5.1,8.3,21,7
2021-01-24T09:24:24.702607,6.5,12.3,27,11
2021-01-24T09:25:26.098800,6.5,10.8,27,9
2021-01-24T09:26:27.490264,5.0,9.1,21,8
2021-01-24T09:27:28.881426,5.9,14.4,25,13
2021-01-24T09:28:30.272633,5.5,10.6,23,9
2021-01-24T09:29:31.662378,4.9,8.0,20,7
2021-01-24T09:30:33.059559,4.4,7.9,18,6
2021-01-24T09:31:34.456848,5.2,8.3,22,7
2021-01-24T09:32:35.842065,5.2,7.9,22,6
2021-01-24T09:33:37.201762,4.8,9.9,20,8
2021-01-24T09:34:38.581975,6.2,12.6,26,11
2021-01-24T09:35:39.973145,4.2,7.6,18,6
2021-01-24T09:36:41.325779,5.5,8.6,23,7
2021-01-24T09:37:42.722083,5.6,8.8,23,7
2021-01-24T09:38:44.110776,5.6,10.5,23,9
2021-01-24T09:39:45.500641,5.4,9.6,22,8
2021-01-24T09:40:46.893233,4.2,6.8,18,6
2021-01-24T09:41:48.291908,5.5,11.1,23,10
2021-01-24T09:42:49.651764,5.5,8.4,23,7
2021-01-24T09:43:51.035539,5.6,9.1,23,8
2021-01-24T09:44:52.410692,4.8,8.0,20,7
2021-01-24T09:45:53.771876,5.2,8.8,22,7
2021-01-24T09:46:55.134561,6.5,11.3,27,10
2021-01-24T09:47:56.513371,6.0,9.7,25,8
2021-01-24T09:48:57.889400,6.6,13.5,28,12
2021-01-24T09:49:59.283270,4.2,7.6,18,6
2021-01-24T09:51:00.682126,4.3,7.1,18,6
2021-01-24T09:52:02.035918,6.6,12.8,28,11
2021-01-24T09:53:03.403791,4.2,6.9,18,6
2021-01-24T09:54:04.802449,4.8,7.0,20,6
2021-01-24T09:55:06.160161,5.5,8.6,23,7
2021-01-24T09:56:07.556726,5.3,9.5,22,8
2021-01-24T09:57:08.933233,5.0,7.9,21,6
2021-01-24T09:58:10.322318,4.1,8.2,17,7
2021-01-24T09:59:11.721001,3.0,5.8,12,5
2021-01-24T10:00:13.103349,4.4,6.8,18,6
2021-01-24T10:01:14.493520,3.6,5.2,15,5
2021-01-24T10:02:15.892202,4.8,8.1,20,7
2021-01-24T10:03:17.291310,3.5,5.9,15,5
2021-01-24T10:04:18.585294,4.6,6.8,19,6
2021-01-24T10:05:19.984330,4.0,5.5,17,5
2021-01-24T10:06:21.381859,4.1,6.0,17,6
2021-01-24T10:07:22.775006,4.6,7.1,19,6
2021-01-24T10:08:24.136006,4.3,6.6,18,6
2021-01-24T10:09:25.536003,3.3,4.8,14,4
2021-01-24T10:10:26.932500,4.9,7.2,20,6
2021-01-24T10:11:28.322767,4.7,7.0,20,6
2021-01-24T10:12:29.714097,4.1,6.4,17,6
2021-01-24T10:13:31.104005,4.8,7.1,20,6
2021-01-24T10:14:32.504171,4.0,6.7,17,6
2021-01-24T10:15:33.895513,4.2,6.4,18,6
2021-01-24T10:16:35.295646,3.8,7.3,16,6
2021-01-24T10:17:36.693148,4.9,9.9,20,8
2021-01-24T10:18:38.091883,4.3,8.6,18,7
2021-01-24T10:19:39.489853,4.2,7.7,18,6
2021-01-24T10:20:40.885021,5.7,8.5,24,7
2021-01-24T10:21:42.281049,6.3,11.5,26,10
2021-01-24T10:22:43.677592,5.9,9.0,25,8
2021-01-24T10:23:45.071421,6.0,11.9,25,10
2021-01-24T10:24:46.466484,6.3,9.2,26,8
2021-01-24T10:25:47.859136,6.0,10.1,25,9
2021-01-24T10:26:49.249165,4.7,7.2,20,6
2021-01-24T10:27:50.638296,4.3,7.8,18,6
2021-01-24T10:28:52.010890,5.8,8.5,24,7
2021-01-24T10:29:53.393347,5.3,8.4,22,7
2021-01-24T10:30:54.789834,5.1,8.6,21,7
2021-01-24T10:31:56.186216,5.3,9.7,22,8
2021-01-24T10:32:57.582431,4.1,7.2,17,6
2021-01-24T10:33:58.978815,5.7,9.4,24,8
2021-01-24T10:35:00.350245,4.5,7.2,19,6
2021-01-24T10:36:01.733776,4.2,6.6,18,6
2021-01-24T10:37:03.129877,5.3,8.6,22,7
2021-01-24T10:38:04.519622,5.8,9.7,24,8
2021-01-24T10:39:05.899802,6.0,10.7,25,9
2021-01-24T10:40:07.281075,5.5,8.8,23,7
2021-01-24T10:41:08.659657,6.5,11.4,27,10
2021-01-24T10:42:10.049775,5.7,9.0,24,8
2021-01-24T10:43:11.439865,6.0,9.0,25,8
2021-01-24T10:44:12.834716,5.4,7.5,22,6
2021-01-24T10:45:14.232125,5.4,7.2,22,6
2021-01-24T10:46:15.619653,4.4,6.2,18,6
2021-01-24T10:47:17.017363,5.5,8.0,23,7
2021-01-24T10:48:18.414649,5.6,8.4,23,7
2021-01-24T10:49:19.802063,4.7,7.3,20,6
2021-01-24T10:50:21.192384,4.9,7.0,20,6
2021-01-24T10:51:22.580962,4.9,10.5,20,9
2021-01-24T10:52:23.977253,4.8,8.8,20,7
2021-01-24T10:53:25.371103,5.9,9.2,25,8
2021-01-24T10:54:26.759764,6.0,9.2,25,8
2021-01-24T10:55:28.153563,6.0,9.3,25,8
2021-01-24T10:56:29.547446,6.4,9.9,27,8
2021-01-24T10:57:30.937518,7.1,10.1,30,9
2021-01-24T10:58:32.326551,6.1,11.6,25,10
2021-01-24T10:59:33.717784,6.3,10.1,26,9
2021-01-24T11:00:35.081512,5.2,7.7,22,6
2021-01-24T11:01:36.468098,6.9,10.8,29,9
2021-01-24T11:02:37.860340,5.1,8.4,21,7
2021-01-24T11:03:39.252950,5.2,8.3,22,7
2021-01-24T11:04:40.638014,6.5,9.6,27,8
2021-01-24T11:05:42.029420,5.8,9.6,24,8
2021-01-24T11:06:43.419356,6.8,10.6,28,9
2021-01-24T11:07:44.804393,5.9,8.7,25,7
2021-01-24T11:08:46.190676,6.6,9.8,28,8
2021-01-24T11:09:47.543765,6.0,9.5,25,8
2021-01-24T11:10:48.928375,6.3,12.1,26,11
2021-01-24T11:11:50.279455,6.4,9.1,27,8
2021-01-24T11:12:51.630754,5.0,7.1,21,6
2021-01-24T11:13:53.026903,6.0,10.8,25,9
2021-01-24T11:14:54.424503,6.3,10.6,26,9
2021-01-24T11:15:55.812063,5.8,8.4,24,7
2021-01-24T11:16:57.201912,5.3,7.7,22,6
2021-01-24T11:17:58.600502,4.6,6.6,19,6
2021-01-24T11:18:59.998514,5.3,9.0,22,8
2021-01-24T11:20:01.398423,4.6,6.6,19,6
2021-01-24T11:21:02.794921,4.6,6.9,19,6
2021-01-24T11:22:04.196163,3.4,5.9,14,5
2021-01-24T11:23:05.596325,5.7,8.4,24,7
2021-01-24T11:24:06.995150,5.5,8.9,23,7
2021-01-24T11:25:08.395120,4.9,7.7,20,6
2021-01-24T11:26:09.796401,5.3,8.3,22,7
2021-01-24T11:27:11.195163,5.5,7.9,23,6
2021-01-24T11:28:12.595209,5.5,7.0,23,6
2021-01-24T11:29:13.996381,4.9,7.1,20,6
2021-01-24T11:30:15.397589,4.8,6.9,20,6
2021-01-24T11:31:16.793809,5.0,7.1,21,6
2021-01-24T11:32:18.185195,5.4,8.0,22,7
2021-01-24T11:33:19.586307,4.8,9.6,20,8
2021-01-24T11:34:20.987345,4.7,6.2,20,6
2021-01-24T11:35:22.388883,5.7,9.3,24,8
2021-01-24T11:36:23.791365,5.0,6.8,21,6
2021-01-24T11:37:25.187623,5.5,8.7,23,7
2021-01-24T11:38:26.587703,4.9,6.3,20,6
2021-01-24T11:39:27.969310,4.8,6.4,20,6
2021-01-24T11:40:29.369013,4.9,9.6,20,8
2021-01-24T11:41:30.771440,4.6,6.3,19,6
2021-01-24T11:42:32.166483,6.0,7.4,25,6
2021-01-24T11:43:33.567838,5.8,7.3,24,6
2021-01-24T11:44:34.950492,5.4,7.5,22,6
2021-01-24T11:45:36.359462,4.9,8.5,20,7
2021-01-24T11:46:37.665986,5.0,5.7,21,5
2021-01-24T11:47:39.077275,5.3,7.3,22,6
2021-01-24T11:48:40.489971,5.4,8.1,22,7
2021-01-24T11:49:41.901247,5.3,8.5,22,7
2021-01-24T11:50:43.310389,5.1,6.8,21,6
2021-01-24T11:51:44.717876,4.4,6.1,18,6
2021-01-24T11:52:46.024163,3.9,5.2,16,5
2021-01-24T11:53:47.333266,5.5,8.6,23,7
2021-01-24T11:54:48.732165,4.6,6.2,19,6
2021-01-24T11:55:50.033335,4.3,5.5,18,5
2021-01-24T11:56:51.439667,4.4,5.7,18,5
2021-01-24T11:57:52.841283,5.2,6.5,22,6
2021-01-24T11:58:54.247274,4.1,6.7,17,6
2021-01-24T11:59:55.655024,5.0,6.5,21,6
2021-01-24T12:00:57.061277,4.7,6.6,20,6
2021-01-24T12:01:58.464057,5.3,6.6,22,6
2021-01-24T12:02:59.861359,4.3,6.4,18,6
2021-01-24T12:04:01.260257,4.4,5.2,18,5
2021-01-24T12:05:02.657980,5.3,10.4,22,9
2021-01-24T12:06:04.046672,4.9,5.9,20,5
2021-01-24T12:07:05.346756,4.5,6.1,19,6
2021-01-24T12:08:06.729472,5.1,7.7,21,6
2021-01-24T12:09:08.091878,4.4,6.8,18,6
2021-01-24T12:10:09.483512,5.0,9.6,21,8
2021-01-24T12:11:10.875023,5.1,9.2,21,8
2021-01-24T12:12:12.273641,4.9,7.5,20,6
2021-01-24T12:13:13.633780,4.8,8.3,20,7
2021-01-24T12:14:15.023702,4.9,7.6,20,6
2021-01-24T12:15:16.382604,3.8,4.8,16,4
2021-01-24T12:16:17.782693,4.9,7.3,20,6
2021-01-24T12:17:19.175159,4.5,7.2,19,6
2021-01-24T12:18:20.533859,3.7,5.2,15,5
2021-01-24T12:19:21.924912,3.8,5.0,16,5
2021-01-24T12:20:23.324976,4.5,7.2,19,6
2021-01-24T12:21:24.726268,4.2,5.9,18,5
2021-01-24T12:22:26.127537,4.4,6.4,18,6
2021-01-24T12:23:27.526363,3.5,4.6,15,4
2021-01-24T12:24:28.907358,4.6,6.7,19,6
2021-01-24T12:25:30.196196,4.6,6.6,19,6
2021-01-24T12:26:31.598671,4.5,6.5,19,6
2021-01-24T12:27:32.966165,3.9,5.6,16,5
2021-01-24T12:28:34.368722,4.0,5.6,17,5
2021-01-24T12:29:35.767515,4.1,8.7,17,7
2021-01-24T12:30:37.167489,4.2,6.1,18,6
2021-01-24T12:31:38.572397,4.5,6.1,19,6
2021-01-24T12:32:39.967450,4.3,6.3,18,6
2021-01-24T12:33:41.349962,4.9,6.8,20,6
2021-01-24T12:34:42.748904,5.0,8.7,21,7
2021-01-24T12:35:44.107674,4.5,6.4,19,6
2021-01-24T12:36:45.510068,4.1,5.8,17,5
2021-01-24T12:37:46.907859,4.3,5.9,18,5
2021-01-24T12:38:48.306257,3.1,4.4,13,4
2021-01-24T12:39:49.707368,4.4,6.1,18,6
2021-01-24T12:40:51.110166,4.2,5.7,18,5
2021-01-24T12:41:52.512565,4.7,6.8,20,6
2021-01-24T12:42:53.906216,4.4,6.1,18,6
2021-01-24T12:43:55.306319,5.1,7.5,21,6
2021-01-24T12:44:56.707431,4.3,6.1,18,6
2021-01-24T12:45:58.106103,5.3,9.0,22,8
2021-01-24T12:46:59.506254,5.1,10.8,21,9
2021-01-24T12:48:00.907884,4.0,6.2,17,6
2021-01-24T12:49:02.308837,5.1,7.8,21,6
2021-01-24T12:50:03.706586,4.5,6.2,19,6
2021-01-24T12:51:05.107603,4.5,5.9,19,5
2021-01-24T12:52:06.504245,5.1,7.7,21,6
2021-01-24T12:53:07.899488,4.5,6.7,19,6
2021-01-24T12:54:09.302066,4.3,5.8,18,5
2021-01-24T12:55:10.698703,4.6,6.8,19,6
2021-01-24T12:56:12.101322,4.7,6.5,20,6
2021-01-24T12:57:13.403972,5.0,8.6,21,7
2021-01-24T12:58:14.797967,4.7,7.3,20,6
2021-01-24T12:59:16.199029,4.7,6.6,20,6
2021-01-24T13:00:17.595521,4.8,6.9,20,6
2021-01-24T13:01:18.964460,4.9,7.1,20,6
2021-01-24T13:02:20.339776,5.0,7.6,21,6
2021-01-24T13:03:21.734832,4.6,7.5,19,6
2021-01-24T13:04:23.133657,4.3,5.8,18,5
2021-01-24T13:05:24.524104,4.7,7.2,20,6
2021-01-24T13:06:25.922718,4.7,6.0,20,6
2021-01-24T13:07:27.321836,5.0,7.3,21,6
2021-01-24T13:08:28.721479,5.1,8.4,21,7
2021-01-24T13:09:30.120772,5.6,9.3,23,8
2021-01-24T13:10:31.513488,4.5,7.9,19,6
2021-01-24T13:11:32.906219,5.3,7.8,22,6
2021-01-24T13:12:34.305132,5.0,7.5,21,6
2021-01-24T13:13:35.703715,5.5,7.9,23,6
2021-01-24T13:14:37.093798,4.7,6.7,20,6
2021-01-24T13:15:38.493721,5.6,9.5,23,8
2021-01-24T13:16:39.885104,5.1,7.2,21,6
2021-01-24T13:17:41.285267,5.4,6.9,22,6
2021-01-24T13:18:42.685354,4.9,6.8,20,6
2021-01-24T13:19:44.086599,5.0,6.3,21,6
2021-01-24T13:20:45.487866,5.3,6.7,22,6
2021-01-24T13:21:46.886742,5.4,7.4,22,6
2021-01-24T13:22:48.289481,5.2,7.6,22,6
2021-01-24T13:23:49.686080,4.9,8.3,20,7
2021-01-24T13:24:51.088580,4.8,7.3,20,6
2021-01-24T13:25:52.490170,5.2,7.1,22,6
2021-01-24T13:26:53.892616,5.1,8.4,21,7
2021-01-24T13:27:55.294175,5.1,6.9,21,6
2021-01-24T13:28:56.682436,5.2,6.9,22,6
2021-01-24T13:29:58.086224,5.6,7.7,23,6
2021-01-24T13:30:59.488724,5.3,10.2,22,9
2021-01-24T13:32:00.888757,5.7,7.6,24,6
2021-01-24T13:33:02.292434,5.3,14.6,22,13
2021-01-24T13:34:03.688792,4.6,5.6,19,5
2021-01-24T13:35:05.088865,5.7,7.4,24,6
2021-01-24T13:36:06.489014,5.5,7.7,23,6
2021-01-24T13:37:07.887501,5.0,7.6,21,6
2021-01-24T13:38:09.288793,5.1,6.7,21,6
2021-01-24T13:39:10.690108,5.6,8.2,23,7
2021-01-24T13:40:12.084980,5.7,8.7,24,7
2021-01-24T13:41:13.485073,5.6,7.9,23,6
2021-01-24T13:42:14.886544,5.1,7.1,21,6
2021-01-24T13:43:16.286447,5.0,7.7,21,6
2021-01-24T13:44:17.687887,5.7,7.7,24,6
2021-01-24T13:45:19.087845,5.3,6.8,22,6
2021-01-24T13:46:20.486622,5.2,8.1,22,7
2021-01-24T13:47:21.885833,5.4,10.6,22,9
2021-01-24T13:48:23.288256,4.7,6.2,20,6
2021-01-24T13:49:24.658331,4.9,7.4,20,6
2021-01-24T13:50:26.020672,5.4,7.2,22,6
2021-01-24T13:51:27.416964,5.5,8.1,23,7
2021-01-24T13:52:28.819403,5.2,7.3,22,6
2021-01-24T13:53:30.213108,5.0,8.4,21,7
2021-01-24T13:54:31.607795,6.5,9.7,27,8
2021-01-24T13:55:33.008863,4.9,6.4,20,6
2021-01-24T13:56:34.400448,5.6,7.3,23,6
2021-01-24T13:57:35.800385,6.0,10.2,25,9
2021-01-24T13:58:37.195448,5.6,9.4,23,8
2021-01-24T13:59:38.594449,5.8,7.7,24,6
2021-01-24T14:00:39.966780,4.7,6.2,20,6
2021-01-24T14:01:41.336563,5.4,8.1,22,7
2021-01-24T14:02:42.735779,4.8,8.4,20,7
2021-01-24T14:03:44.137735,5.6,7.8,23,6
2021-01-24T14:04:45.527689,5.0,6.7,21,6
2021-01-24T14:05:46.927940,5.3,8.2,22,7
2021-01-24T14:06:48.327857,5.6,8.4,23,7
2021-01-24T14:07:49.696490,4.7,6.5,20,6
2021-01-24T14:08:51.098066,4.3,5.4,18,5
2021-01-24T14:09:52.500351,4.7,6.1,20,6
2021-01-24T14:10:53.875302,5.4,6.5,22,6
2021-01-24T14:11:55.181646,5.0,6.4,21,6
2021-01-24T14:12:56.588143,4.9,6.8,20,6
2021-01-24T14:13:57.991812,4.9,6.1,20,6
2021-01-24T14:14:59.391847,4.4,6.4,18,6
2021-01-24T14:16:00.792163,4.0,5.2,17,5
2021-01-24T14:17:02.199463,4.1,5.4,17,5
2021-01-24T14:18:03.605736,5.1,6.3,21,6
2021-01-24T14:19:05.009436,5.0,7.6,21,6
2021-01-24T14:20:06.395846,4.8,7.4,20,6
2021-01-24T14:21:07.804316,4.2,6.6,18,6
2021-01-24T14:22:09.103219,4.4,6.3,18,6
2021-01-24T14:23:10.402107,4.9,8.6,20,7
2021-01-24T14:24:11.807165,5.3,7.7,22,6
2021-01-24T14:25:13.212251,4.7,9.1,20,8
2021-01-24T14:26:14.610958,4.8,6.4,20,6
2021-01-24T14:27:16.017179,4.6,5.8,19,5
2021-01-24T14:28:17.423370,4.0,6.2,17,6
2021-01-24T14:29:18.822499,4.2,6.1,18,6
2021-01-24T14:30:20.230117,4.2,5.8,18,5
2021-01-24T14:31:21.629939,3.9,6.9,16,6
2021-01-24T14:32:23.030239,4.7,6.9,20,6
2021-01-24T14:33:24.435147,4.3,5.7,18,5
2021-01-24T14:34:25.840199,4.5,6.7,19,6
2021-01-24T14:35:27.239167,4.4,5.7,18,5
2021-01-24T14:36:28.644233,4.2,6.1,18,6
2021-01-24T14:37:30.039258,4.5,7.8,19,6
2021-01-24T14:38:31.443996,4.0,6.1,17,6
2021-01-24T14:39:32.741545,4.1,6.8,17,6
2021-01-24T14:40:34.139023,4.2,5.9,18,5
2021-01-24T14:41:35.541316,4.2,5.9,18,5
2021-01-24T14:42:36.945304,5.0,6.8,21,6
2021-01-24T14:43:38.320273,5.0,7.2,21,6
2021-01-24T14:44:39.724041,4.6,6.2,19,6
2021-01-24T14:45:41.094232,5.0,6.7,21,6
2021-01-24T14:46:42.494078,4.7,6.6,20,6
2021-01-24T14:47:43.900292,4.6,6.7,19,6
2021-01-24T14:48:45.201632,5.3,8.5,22,7
2021-01-24T14:49:46.500290,4.6,6.8,19,6
2021-01-24T14:50:47.904096,5.4,11.4,22,10
2021-01-24T14:51:49.299097,5.1,7.2,21,6
2021-01-24T14:52:50.701626,5.2,7.0,22,6
2021-01-24T14:53:52.095583,5.7,10.9,24,9
2021-01-24T14:54:53.495556,5.3,9.7,22,8
2021-01-24T14:55:54.896644,5.4,7.4,22,6
2021-01-24T14:56:56.298065,5.1,8.6,21,7
2021-01-24T14:57:57.694299,5.8,8.3,24,7
2021-01-24T14:58:59.085478,6.4,9.8,27,8
2021-01-24T15:00:00.454172,5.6,7.3,23,6
2021-01-24T15:01:01.843096,5.4,7.1,22,6
2021-01-24T15:02:03.233100,6.4,14.5,27,13
2021-01-24T15:03:04.623082,6.3,12.1,26,11
2021-01-24T15:04:06.015635,5.2,8.1,22,7
2021-01-24T15:05:07.393323,4.9,7.1,20,6
2021-01-24T15:06:08.793175,5.1,7.0,21,6
2021-01-24T15:07:10.194472,5.3,7.3,22,6
2021-01-24T15:08:11.597051,4.4,7.7,18,6
2021-01-24T15:09:12.999105,5.3,8.6,22,7
2021-01-24T15:10:14.377164,5.4,7.7,22,6
2021-01-24T15:11:15.774105,5.2,7.7,22,6
2021-01-24T15:12:17.164852,5.8,8.2,24,7
2021-01-24T15:13:18.564097,5.6,8.3,23,7
2021-01-24T15:14:19.953146,4.2,5.6,18,5
2021-01-24T15:15:21.341046,4.9,6.9,20,6
2021-01-24T15:16:22.740310,5.5,8.8,23,7
2021-01-24T15:17:24.103572,5.6,8.9,23,7
2021-01-24T15:18:25.483585,5.2,7.4,22,6
2021-01-24T15:19:26.882662,5.1,7.1,21,6
2021-01-24T15:20:28.280552,5.5,9.3,23,8
2021-01-24T15:21:29.670742,5.0,6.9,21,6
2021-01-24T15:22:30.969561,5.0,7.3,21,6
2021-01-24T15:23:32.363808,4.7,7.9,20,6
2021-01-24T15:24:33.751519,5.6,7.5,23,6
2021-01-24T15:25:35.150348,4.7,7.4,20,6
2021-01-24T15:26:36.513229,5.1,8.0,21,7
2021-01-24T15:27:37.903440,4.9,7.6,20,6
2021-01-24T15:28:39.302476,5.8,7.5,24,6
2021-01-24T15:29:40.701528,5.5,7.5,23,6
2021-01-24T15:30:42.056956,5.9,8.4,25,7
2021-01-24T15:31:43.424774,4.2,5.9,18,5
2021-01-24T15:32:44.814875,4.8,8.0,20,7
2021-01-24T15:33:46.216277,5.4,8.4,22,7
2021-01-24T15:34:47.617989,5.6,7.6,23,6
2021-01-24T15:35:49.016927,4.9,7.2,20,6
2021-01-24T15:36:50.419614,5.4,7.8,22,6
2021-01-24T15:37:51.816140,4.9,7.3,20,6
2021-01-24T15:38:53.219956,4.8,10.5,20,9
2021-01-24T15:39:54.624006,5.1,6.6,21,6
2021-01-24T15:40:56.027763,4.7,8.6,20,7
2021-01-24T15:41:57.409054,4.6,7.0,19,6
2021-01-24T15:42:58.770487,5.7,10.5,24,9
2021-01-24T15:44:00.176682,4.1,5.7,17,5
2021-01-24T15:45:01.583956,5.0,6.9,21,6
2021-01-24T15:46:02.981643,4.5,9.2,19,8
2021-01-24T15:47:04.387669,5.1,8.9,21,7
2021-01-24T15:48:05.791344,5.3,7.6,22,6
2021-01-24T15:49:07.196439,5.1,7.1,21,6
2021-01-24T15:50:08.589944,4.6,6.7,19,6
2021-01-24T15:51:09.891273,4.4,7.0,18,6
2021-01-24T15:52:11.191376,4.4,6.5,18,6
2021-01-24T15:53:12.590166,4.7,7.2,20,6
2021-01-24T15:54:13.990202,4.3,7.3,18,6
2021-01-24T15:55:15.395245,5.0,8.5,21,7
2021-01-24T15:56:16.797652,4.5,7.4,19,6
2021-01-24T15:57:18.196360,5.9,8.1,25,7
2021-01-24T15:58:19.596923,5.2,6.6,22,6
2021-01-24T15:59:20.988019,4.8,7.0,20,6
2021-01-24T16:00:22.390517,5.7,11.9,24,10
2021-01-24T16:01:23.786910,5.3,7.4,22,6
2021-01-24T16:02:25.189580,5.5,9.1,23,8
2021-01-24T16:03:26.590956,5.8,8.5,24,7
2021-01-24T16:04:27.992107,6.1,11.3,25,10
2021-01-24T16:05:29.384692,5.3,10.9,22,9
2021-01-24T16:06:30.773582,5.4,7.2,22,6
2021-01-24T16:07:32.163911,5.4,8.1,22,7
2021-01-24T16:08:33.552718,6.0,8.7,25,7
2021-01-24T16:09:34.941490,5.3,8.2,22,7
2021-01-24T16:10:36.337987,5.7,8.3,24,7
2021-01-24T16:11:37.690575,6.1,10.3,25,9
2021-01-24T16:12:39.079515,5.9,8.5,25,7
2021-01-24T16:13:40.468334,5.7,9.1,24,8
2021-01-24T16:14:41.858608,4.5,7.2,19,6
2021-01-24T16:15:43.236152,5.1,10.2,21,9
2021-01-24T16:16:44.631246,5.6,8.4,23,7
2021-01-24T16:17:46.021236,5.6,7.7,23,6
2021-01-24T16:18:47.395091,4.6,6.1,19,6
2021-01-24T16:19:48.793697,4.4,6.3,18,6
2021-01-24T16:20:50.183770,4.4,7.2,18,6
2021-01-24T16:21:51.545018,5.8,8.1,24,7
2021-01-24T16:22:52.944989,4.8,7.9,20,6
2021-01-24T16:23:54.334260,5.6,9.2,23,8
2021-01-24T16:24:55.700254,4.6,7.2,19,6
2021-01-24T16:25:57.099176,4.7,7.0,20,6
2021-01-24T16:26:58.494830,5.5,8.5,23,7
2021-01-24T16:27:59.894461,5.2,8.1,22,7
2021-01-24T16:29:01.274743,5.4,8.6,22,7
2021-01-24T16:30:02.664588,4.7,7.1,20,6
2021-01-24T16:31:04.065839,4.9,7.7,20,6
2021-01-24T16:32:05.464690,5.1,8.3,21,7
2021-01-24T16:33:06.864541,5.7,7.9,24,6
2021-01-24T16:34:08.254528,5.4,8.3,22,7
2021-01-24T16:35:09.654767,4.4,8.0,18,7
2021-01-24T16:36:11.056157,4.2,5.4,18,5
2021-01-24T16:37:12.457547,5.4,9.7,22,8
2021-01-24T16:38:13.856156,4.0,6.5,17,6
2021-01-24T16:39:15.258778,5.2,6.9,22,6
2021-01-24T16:40:16.656292,4.3,7.0,18,6
2021-01-24T16:41:18.058832,4.4,6.3,18,6
2021-01-24T16:42:19.462737,5.1,9.0,21,8
2021-01-24T16:43:20.845414,4.8,7.9,20,6
2021-01-24T16:44:22.246566,5.6,9.9,23,8
2021-01-24T16:45:23.647879,4.0,6.0,17,6
2021-01-24T16:46:25.050423,5.0,8.2,21,7
2021-01-24T16:47:26.455395,4.8,8.3,20,7
2021-01-24T16:48:27.762065,4.8,8.1,20,7
2021-01-24T16:49:29.168277,3.3,4.4,14,4
2021-01-24T16:50:30.554501,4.3,8.3,18,7
2021-01-24T16:51:31.951726,4.5,6.5,19,6
2021-01-24T16:52:33.352800,4.8,7.6,20,6
2021-01-24T16:53:34.653866,4.4,15.9,18,14
2021-01-24T16:54:35.953769,4.3,9.8,18,8
2021-01-24T16:55:37.363693,4.7,6.9,20,6
2021-01-24T16:56:38.664833,5.0,7.1,21,6
2021-01-24T16:57:39.934535,5.1,6.6,21,6
2021-01-24T16:58:41.341802,4.6,6.9,19,6
2021-01-24T16:59:42.644471,3.7,5.2,15,5
2021-01-24T17:00:43.945656,4.4,6.5,18,6
2021-01-24T17:01:45.355585,4.7,6.5,20,6
2021-01-24T17:02:46.765379,5.0,8.9,21,7
2021-01-24T17:03:48.176623,3.7,4.8,15,4
2021-01-24T17:04:49.589167,3.8,5.0,16,5
2021-01-24T17:05:50.971601,3.3,4.6,14,4
2021-01-24T17:06:52.283989,4.5,6.1,19,6
2021-01-24T17:07:53.566956,3.9,7.5,16,6
2021-01-24T17:08:54.878088,4.4,6.3,18,6
2021-01-24T17:09:56.288289,5.0,8.9,21,7
2021-01-24T17:10:57.598433,4.7,6.1,20,6
2021-01-24T17:11:59.009502,4.6,8.2,19,7
2021-01-24T17:13:00.419613,5.4,7.7,22,6
2021-01-24T17:14:01.730277,4.4,6.3,18,6
2021-01-24T17:15:03.038281,3.7,6.2,15,6
2021-01-24T17:16:04.448030,4.5,9.6,19,8
2021-01-24T17:17:05.859413,4.0,5.4,17,5
2021-01-24T17:18:07.167092,4.3,5.5,18,5
2021-01-24T17:19:08.578279,5.4,8.2,22,7
2021-01-24T17:20:09.884610,4.0,5.7,17,5
2021-01-24T17:21:11.294616,4.3,5.7,18,5
2021-01-24T17:22:12.704559,4.7,11.2,20,10
2021-01-24T17:23:14.115666,4.7,7.8,20,6
2021-01-24T17:24:15.424398,5.6,7.3,23,6
2021-01-24T17:25:16.824776,5.8,10.1,24,9
2021-01-24T17:26:18.126606,4.9,9.1,20,8
2021-01-24T17:27:19.534808,5.8,9.8,24,8
2021-01-24T17:28:20.943636,5.3,9.8,22,8
2021-01-24T17:29:22.242799,5.6,8.7,23,7
2021-01-24T17:30:23.640569,5.1,8.0,21,7
2021-01-24T17:31:24.941009,5.4,7.7,22,6
2021-01-24T17:32:26.242037,4.6,7.1,19,6
2021-01-24T17:33:27.545190,4.9,6.3,20,6
2021-01-24T17:34:28.914492,4.6,6.4,19,6
2021-01-24T17:35:30.223943,4.6,6.4,19,6
2021-01-24T17:36:31.524641,4.7,6.1,20,6
2021-01-24T17:37:32.825470,5.1,7.3,21,6
2021-01-24T17:38:34.134949,4.8,8.4,20,7
2021-01-24T17:39:35.544501,5.8,9.9,24,8
2021-01-24T17:40:36.843151,5.6,7.6,23,6
2021-01-24T17:41:38.248932,5.3,7.6,22,6
2021-01-24T17:42:39.651234,6.2,8.7,26,7
2021-01-24T17:43:41.048542,5.5,8.9,23,7
2021-01-24T17:44:42.448181,5.2,7.5,22,6
2021-01-24T17:45:43.849200,4.3,6.4,18,6
2021-01-24T17:46:45.255226,5.0,8.4,21,7
2021-01-24T17:47:46.532432,5.6,10.4,23,9
2021-01-24T17:48:47.935775,5.4,8.5,22,7
2021-01-24T17:49:49.344150,5.4,7.3,22,6
2021-01-24T17:50:50.654732,4.7,6.1,20,6
2021-01-24T17:51:52.065586,5.3,6.6,22,6
2021-01-24T17:52:53.477915,5.9,8.4,25,7
2021-01-24T17:53:54.886759,5.3,9.1,22,8
2021-01-24T17:54:56.296506,5.7,9.3,24,8
2021-01-24T17:55:57.706230,5.9,8.0,25,7
2021-01-24T17:56:59.017531,5.9,10.7,25,9
2021-01-24T17:58:00.401050,4.9,8.1,20,7
2021-01-24T17:59:01.706135,4.9,6.9,20,6
2021-01-24T18:00:03.115962,5.3,7.9,22,6
2021-01-24T18:01:04.525882,4.7,6.0,20,6
2021-01-24T18:02:05.837036,4.7,6.5,20,6
2021-01-24T18:03:07.248261,4.5,5.9,19,5
2021-01-24T18:04:08.659387,4.3,5.9,18,5
2021-01-24T18:05:09.966749,5.4,9.2,22,8
2021-01-24T18:06:11.277711,4.8,6.1,20,6
2021-01-24T18:07:12.688698,5.3,8.3,22,7
2021-01-24T18:08:13.996291,6.1,10.5,25,9
2021-01-24T18:09:15.404807,6.0,7.9,25,6
2021-01-24T18:10:16.717343,4.1,6.1,17,6
2021-01-24T18:11:18.025992,5.4,6.4,22,6
2021-01-24T18:12:19.434653,5.2,6.9,22,6
2021-01-24T18:13:20.743515,5.2,8.0,22,7
2021-01-24T18:14:22.152200,4.9,6.4,20,6
2021-01-24T18:15:23.562044,5.6,7.7,23,6
2021-01-24T18:16:24.855573,5.1,7.7,21,6
2021-01-24T18:17:26.265298,5.1,9.5,21,8
2021-01-24T18:18:27.673844,5.0,7.9,21,6
2021-01-24T18:19:28.975311,4.7,6.0,20,6
2021-01-24T18:20:30.286446,6.0,9.5,25,8
2021-01-24T18:21:31.676230,4.9,8.1,20,7
2021-01-24T18:22:32.982383,4.8,6.5,20,6
2021-01-24T18:23:34.394749,5.9,7.7,25,6
2021-01-24T18:24:35.708262,4.9,6.4,20,6
2021-01-24T18:25:37.116758,5.1,8.6,21,7
2021-01-24T18:26:38.430440,5.7,7.2,24,6
2021-01-24T18:27:39.840233,5.7,7.3,24,6
2021-01-24T18:28:41.247419,5.6,7.5,23,6
2021-01-24T18:29:42.653553,5.4,7.5,22,6
2021-01-24T18:30:43.932226,6.4,10.5,27,9
2021-01-24T18:31:45.330955,6.0,10.6,25,9
2021-01-24T18:32:46.602311,4.4,8.2,18,7
2021-01-24T18:33:47.909604,5.4,9.5,22,8
2021-01-24T18:34:49.317273,5.1,7.9,21,6
2021-01-24T18:35:50.722301,5.1,7.4,21,6
2021-01-24T18:36:52.023524,5.3,7.4,22,6
2021-01-24T18:37:53.322339,6.0,13.3,25,12
2021-01-24T18:38:54.722083,5.9,9.2,25,8
2021-01-24T18:39:56.121946,6.4,9.7,27,8
2021-01-24T18:40:57.527828,4.2,5.7,18,5
2021-01-24T18:41:58.935579,4.4,7.3,18,6
2021-01-24T18:43:00.242962,5.1,7.0,21,6
2021-01-24T18:44:01.551551,6.2,9.6,26,8
2021-01-24T18:45:02.949982,5.5,18.2,23,17
2021-01-24T18:46:04.255401,5.7,9.0,24,8
2021-01-24T18:47:05.664866,5.0,10.1,21,9
2021-01-24T18:48:06.974555,4.8,6.5,20,6
2021-01-24T18:49:08.274505,6.6,11.7,28,10
2021-01-24T18:50:09.584555,6.1,8.8,25,7
2021-01-24T18:51:10.993941,6.4,10.8,27,9
2021-01-24T18:52:12.404346,6.1,9.4,25,8
2021-01-24T18:53:13.774781,5.8,8.3,24,7
2021-01-24T18:54:15.074838,6.3,9.6,26,8
2021-01-24T18:55:16.483185,5.9,8.7,25,7
2021-01-24T18:56:17.792882,6.8,9.8,28,8
2021-01-24T18:57:19.193549,6.9,8.8,29,7
2021-01-24T18:58:20.595036,7.0,9.7,29,8
2021-01-24T18:59:22.005365,6.9,9.4,29,8
2021-01-24T19:00:23.413123,7.1,10.8,30,9
2021-01-24T19:01:24.722096,6.7,9.6,28,8
2021-01-24T19:02:26.129277,5.8,8.5,24,7
2021-01-24T19:03:27.536574,6.1,9.0,25,8
2021-01-24T19:04:28.832776,7.2,11.1,30,10
2021-01-24T19:05:30.141289,7.0,11.0,29,10
2021-01-24T19:06:31.550568,6.6,10.6,28,9
2021-01-24T19:07:32.957944,7.0,9.4,29,8
2021-01-24T19:08:34.225071,8.1,11.2,34,10
2021-01-24T19:09:35.631686,7.8,13.1,32,12
2021-01-24T19:10:37.038677,7.2,9.9,30,8
2021-01-24T19:11:38.446810,7.5,10.2,31,9
2021-01-24T19:12:39.753539,7.6,12.3,32,11
2021-01-24T19:13:41.150344,6.3,10.6,26,9
2021-01-24T19:14:42.514791,8.4,12.2,35,11
2021-01-24T19:15:43.811451,9.4,13.4,39,12
2021-01-24T19:16:45.209317,7.7,10.7,32,9
2021-01-24T19:17:46.613538,7.2,10.5,30,9
2021-01-24T19:18:48.008824,8.0,11.6,33,10
2021-01-24T19:19:49.409593,7.5,10.5,31,9
2021-01-24T19:20:50.785982,6.7,9.2,28,8
2021-01-24T19:21:52.187925,8.1,11.1,34,10
2021-01-24T19:22:53.585687,8.3,14.4,35,13
2021-01-24T19:23:54.954725,8.0,14.9,33,13
2021-01-24T19:24:56.343068,8.7,12.0,36,11
2021-01-24T19:25:57.732580,8.3,12.2,35,11
2021-01-24T19:26:59.121699,8.7,12.7,36,11
2021-01-24T19:28:00.513200,8.0,13.3,33,12
2021-01-24T19:29:01.906053,8.2,12.3,34,11
2021-01-24T19:30:03.304802,6.7,9.6,28,8
2021-01-24T19:31:04.707428,7.7,10.9,32,9
2021-01-24T19:32:06.109936,5.0,7.9,21,6
2021-01-24T19:33:07.514706,5.2,8.5,22,7
2021-01-24T19:34:08.812055,6.6,10.5,28,9
2021-01-24T19:35:10.186792,5.0,6.9,21,6
2021-01-24T19:36:11.496382,6.5,12.2,27,11
2021-01-24T19:37:12.902256,7.1,11.4,30,10
2021-01-24T19:38:14.210808,7.5,10.9,31,9
2021-01-24T19:39:15.618925,7.2,10.8,30,9
2021-01-24T19:40:16.994639,7.3,10.1,30,9
2021-01-24T19:41:18.401612,7.4,12.1,31,11
2021-01-24T19:42:19.702622,7.5,10.5,31,9
2021-01-24T19:43:21.104412,6.9,9.4,29,8
2021-01-24T19:44:22.413883,6.2,8.5,26,7
2021-01-24T19:45:23.715775,5.5,7.9,23,6
2021-01-24T19:46:25.026682,7.2,11.1,30,10
2021-01-24T19:47:26.435865,6.6,10.8,28,9
2021-01-24T19:48:27.847728,7.4,10.6,31,9
2021-01-24T19:49:29.258455,7.0,10.8,29,9
2021-01-24T19:50:30.644075,7.4,10.4,31,9
2021-01-24T19:51:31.944628,7.9,11.6,33,10
2021-01-24T19:52:33.223972,7.6,14.9,32,13
2021-01-24T19:53:34.632011,6.4,8.3,27,7
2021-01-24T19:54:35.934001,7.6,12.7,32,11
2021-01-24T19:55:37.333270,6.4,9.4,27,8
2021-01-24T19:56:38.632728,7.5,12.3,31,11
2021-01-24T19:57:40.033340,8.3,13.6,35,12
2021-01-24T19:58:41.433679,8.1,13.9,34,12
2021-01-24T19:59:42.735789,7.3,10.7,30,9
2021-01-24T20:00:44.147765,7.6,11.0,32,10
2021-01-24T20:01:45.457219,6.0,9.7,25,8
2021-01-24T20:02:46.867098,6.0,8.2,25,7
2021-01-24T20:03:48.280979,5.9,8.6,25,7
2021-01-24T20:04:49.588332,6.2,8.7,26,7
2021-01-24T20:05:50.874402,5.1,7.4,21,6
2021-01-24T20:06:52.276687,7.1,9.8,30,8
2021-01-24T20:07:53.590101,7.3,10.9,30,9
2021-01-24T20:08:55.003170,8.3,14.0,35,13
2021-01-24T20:09:56.307396,6.9,9.1,29,8
2021-01-24T20:10:57.620365,7.4,11.7,31,10
2021-01-24T20:11:59.033020,7.7,12.9,32,11
2021-01-24T20:13:00.322317,7.9,12.4,33,11
2021-01-24T20:14:01.726062,8.0,11.6,33,10
2021-01-24T20:15:03.035052,8.3,12.3,35,11
2021-01-24T20:16:04.345028,7.5,10.8,31,9
2021-01-24T20:17:05.720490,8.0,11.4,33,10
2021-01-24T20:18:07.022963,8.2,12.1,34,11
2021-01-24T20:19:08.321732,8.3,13.3,35,12
2021-01-24T20:20:09.701873,8.2,14.3,34,13
2021-01-24T20:21:11.110462,7.3,11.1,30,10
2021-01-24T20:22:12.517953,7.2,13.0,30,12
2021-01-24T20:23:13.929057,9.1,12.9,38,11
2021-01-24T20:24:15.334030,6.9,10.9,29,9
2021-01-24T20:25:16.711751,7.7,10.7,32,9
2021-01-24T20:26:18.123181,8.9,12.7,37,11
2021-01-24T20:27:19.525285,8.8,14.0,37,13
2021-01-24T20:28:20.801371,8.1,10.8,34,9
2021-01-24T20:29:22.105149,8.6,12.3,36,11
2021-01-24T20:30:23.516339,7.9,14.5,33,13
2021-01-24T20:31:24.827555,7.8,11.9,32,10
2021-01-24T20:32:26.237303,9.0,11.7,38,10
2021-01-24T20:33:27.645744,7.8,11.2,32,10
2021-01-24T20:34:29.055940,8.9,12.7,37,11
2021-01-24T20:35:30.364363,8.4,13.8,35,12
2021-01-24T20:36:31.666817,8.0,11.2,33,10
2021-01-24T20:37:32.977096,7.0,9.1,29,8
2021-01-24T20:38:34.385449,7.6,11.3,32,10
2021-01-24T20:39:35.795641,8.0,11.1,33,10
2021-01-24T20:40:37.084005,7.7,11.9,32,10
2021-01-24T20:41:38.388543,9.4,13.8,39,12
2021-01-24T20:42:39.697344,8.0,13.7,33,12
2021-01-24T20:43:41.107547,6.9,10.0,29,9
2021-01-24T20:44:42.519541,8.0,13.2,33,12
2021-01-24T20:45:43.932878,6.0,8.0,25,7
2021-01-24T20:46:45.240947,6.1,11.0,25,10
2021-01-24T20:47:46.549752,6.6,9.0,28,8
2021-01-24T20:48:47.958545,7.6,10.6,32,9
2021-01-24T20:49:49.371071,9.0,12.9,38,11
2021-01-24T20:50:50.676459,8.1,11.3,34,10
2021-01-24T20:51:52.085629,9.1,13.8,38,12
2021-01-24T20:52:53.496129,9.3,14.4,39,13
2021-01-24T20:53:54.807022,8.9,15.6,37,14
2021-01-24T20:54:56.075281,9.1,15.4,38,14
2021-01-24T20:55:57.387184,8.3,11.9,35,10
2021-01-24T20:56:58.796844,6.7,9.4,28,8
2021-01-24T20:58:00.110248,7.6,11.6,32,10
2021-01-24T20:59:01.418793,7.3,10.5,30,9
2021-01-24T21:00:02.728687,8.8,13.8,37,12
2021-01-24T21:01:04.139833,8.0,10.8,33,9
2021-01-24T21:02:05.553524,8.2,10.5,34,9
2021-01-24T21:03:06.865841,7.9,9.5,33,8
2021-01-24T21:04:08.274278,10.1,14.5,42,13
2021-01-24T21:05:09.576623,8.9,13.0,37,12
2021-01-24T21:06:10.986617,9.4,13.7,39,12
2021-01-24T21:07:12.297170,9.3,13.4,39,12
2021-01-24T21:08:13.707765,8.4,12.2,35,11
2021-01-24T21:09:15.120263,8.3,10.8,35,9
2021-01-24T21:10:16.426635,8.1,13.1,34,12
2021-01-24T21:11:17.838795,9.1,15.3,38,14
2021-01-24T21:12:19.251630,6.4,9.2,27,8
2021-01-24T21:13:20.665836,6.3,9.0,26,8
2021-01-24T21:14:21.981345,7.6,14.1,32,13
2021-01-24T21:15:23.396646,5.7,9.0,24,8
2021-01-24T21:16:24.709881,8.3,14.7,35,13
2021-01-24T21:17:26.117948,9.3,18.9,39,17
2021-01-24T21:18:27.527456,9.7,15.0,40,14
2021-01-24T21:19:28.938005,8.1,11.0,34,10
2021-01-24T21:20:30.350604,9.0,13.2,38,12
2021-01-24T21:21:31.657144,8.6,12.8,36,11
2021-01-24T21:22:33.065873,8.4,12.1,35,11
2021-01-24T21:23:34.475802,10.1,14.2,42,13
2021-01-24T21:24:35.784513,10.7,17.9,45,16
2021-01-24T21:25:37.084554,9.2,12.5,38,11
2021-01-24T21:26:38.381751,8.9,14.2,37,13
2021-01-24T21:27:39.778817,10.1,15.3,42,14
2021-01-24T21:28:41.182266,11.9,18.2,50,17
2021-01-24T21:29:42.576816,15.0,26.0,57,24
2021-01-24T21:30:43.974990,14.2,25.4,55,23
2021-01-24T21:31:45.374607,14.1,24.2,55,22
2021-01-24T21:32:46.766722,11.1,18.8,46,17
2021-01-24T21:33:48.168896,10.1,21.2,42,19
2021-01-24T21:34:49.563227,9.6,18.1,40,17
2021-01-24T21:35:50.960179,12.3,20.5,51,19
2021-01-24T21:36:52.357299,12.1,20.2,51,19
2021-01-24T21:37:53.716695,11.4,19.9,48,18
2021-01-24T21:38:55.116080,10.9,22.3,45,20
2021-01-24T21:39:56.516797,11.0,26.7,46,24
2021-01-24T21:40:57.918671,11.8,19.5,49,18
2021-01-24T21:41:59.319730,12.6,21.6,52,19
2021-01-24T21:43:00.713044,11.5,23.6,48,21
2021-01-24T21:44:02.102837,11.4,18.3,48,17
2021-01-24T21:45:03.500532,9.1,14.4,38,13
2021-01-24T21:46:04.897521,11.3,21.8,47,19
2021-01-24T21:47:06.292531,10.3,19.3,43,18
2021-01-24T21:48:07.685038,9.1,15.2,38,14
2021-01-24T21:49:09.085201,10.7,17.6,45,16
2021-01-24T21:50:10.485247,8.9,16.6,37,15
